asset,categoria,medida,real_mm,alth_mm,k_observado,aprobado,fecha
manzana,de_mano,diametro,80,8.92,1.99,si,2026-09-26
manzana,de_mano,alto,72,8.05,2.00,si,2026-09-26
lata,de_mano,diametro,73,8.16,2.00,si,2026-09-26
lata,de_mano,alto,105,11.74,2.00,si,2026-09-26
taza,de_mano,diametro,80,8.94,2.00,si,2026-09-26
taza,de_mano,alto,95,10.62,2.00,si,2026-09-26
vaso,de_mano,diametro_boca,80,8.94,2.00,si,2026-09-26
vaso,de_mano,diametro_base,60,6.71,2.00,si,2026-09-26
vaso,de_mano,alto,120,13.42,2.00,si,2026-09-26
vaso_cafe,de_mano,alto_con_tapa,115,12.86,2.00,si,2026-09-26
vaso_cafe,de_mano,diametro_arriba,90,10.06,2.00,si,2026-09-26
